nombre,email,genero,pais,preferencias,creado
Adora Jiménez,adora.jimenez@example.com,Femenino,NE,{'canal': ['WEB']},{'$date': '2024-04-18'}
Charo Boix-Agustín,charo.boix-agustin@example.com,Femenino,HN,{'canal': ['WEB']},{'$date': '2025-01-05'}
Jose Francisco Viñas Vizcaíno,jose.francisco.vinas.vizcaino@example.com,Femenino,KW,{'canal': ['WEB']},{'$date': '2024-08-22'}
Wilfredo Lara-Burgos,wilfredo.lara-burgos@example.com,Femenino,IS,"{'canal': ['WEB', 'TIENDA']}",{'$date': '2024-05-07'}
Ainoa Redondo,ainoa.redondo@example.com,Masculino,CF,"{'canal': ['TIENDA', 'WEB']}",{'$date': '2025-11-08'}
Aura Belen Carretero Arévalo,aura.belen.carretero.arevalo@example.com,Masculino,JO,{'canal': ['TIENDA']},{'$date': '2025-05-18'}
Prudencio Matas Navarrete,prudencio.matas.navarrete@example.com,Masculino,TV,{'canal': ['TIENDA']},{'$date': '2025-02-13'}
Sebastian Candelario Llobet Llano,sebastian.candelario.llobet.llano@example.com,Masculino,GD,{'canal': ['TIENDA']},{'$date': '2023-11-24'}
Valerio Riba Daza,valerio.riba.daza@example.com,Otro,NA,"{'canal': ['WEB', 'TIENDA']}",{'$date': '2025-05-26'}
Merche Sebastián,merche.sebastian@example.com,Femenino,UY,"{'canal': ['WEB', 'TIENDA']}",{'$date': '2024-09-28'}
Eugenio Torrecilla-Amaya,eugenio.torrecilla-amaya@example.com,Masculino,FI,{'canal': ['TIENDA']},{'$date': '2024-07-24'}
Severo de Olivé,severo.de.olive@example.com,Otro,IR,"{'canal': ['WEB', 'TIENDA']}",{'$date': '2025-01-30'}
Eustaquio Montesinos-Sarabia,eustaquio.montesinos-sarabia@example.com,Masculino,BF,{'canal': ['TIENDA']},{'$date': '2025-05-15'}
Luciana Anaya Cid,luciana.anaya.cid@example.com,Otro,GD,"{'canal': ['WEB', 'TIENDA']}",{'$date': '2025-04-19'}
Belen Céspedes Arjona,belen.cespedes.arjona@example.com,Femenino,MY,{'canal': ['WEB']},{'$date': '2025-05-04'}
Concepción Asensio Oller,concepcion.asensio.oller@example.com,Otro,JM,{'canal': ['TIENDA']},{'$date': '2025-09-02'}
Milagros Dalmau Salcedo,milagros.dalmau.salcedo@example.com,Otro,TL,"{'canal': ['WEB', 'TIENDA']}",{'$date': '2024-02-12'}
Araceli del Peñas,araceli.del.penas@example.com,Otro,SI,{'canal': ['WEB']},{'$date': '2025-02-19'}
Amparo Cazorla,amparo.cazorla@example.com,Masculino,CH,{'canal': ['WEB']},{'$date': '2024-08-29'}
Mónica Agudo Ojeda,monica.agudo.ojeda@example.com,Masculino,SY,{'canal': ['TIENDA']},{'$date': '2025-04-07'}
Teodoro Morillo Morillo,teodoro.morillo.morillo@example.com,Femenino,PT,"{'canal': ['TIENDA', 'WEB']}",{'$date': '2025-04-10'}
Duilio Piña Montalbán,duilio.pina.montalban@example.com,Femenino,ES,{'canal': ['WEB']},{'$date': '2025-04-07'}
Anastasia Muñoz Bolaños,anastasia.munoz.bolanos@example.com,Femenino,FM,{'canal': ['TIENDA']},{'$date': '2024-11-26'}
Néstor Carrillo Castilla,nestor.carrillo.castilla@example.com,Masculino,EC,"{'canal': ['TIENDA', 'WEB']}",{'$date': '2024-12-31'}
Xavier Diaz Aguilera,xavier.diaz.aguilera@example.com,Otro,NO,"{'canal': ['TIENDA', 'WEB']}",{'$date': '2024-08-03'}
Pili Barrera Quesada,pili.barrera.quesada@example.com,Masculino,TM,{'canal': ['WEB']},{'$date': '2025-02-07'}
Encarnacion Ale Andres Julián,encarnacion.ale.andres.julian@example.com,Masculino,KW,"{'canal': ['TIENDA', 'WEB']}",{'$date': '2024-10-23'}
Candelas Contreras Vargas,candelas.contreras.vargas@example.com,Femenino,SI,"{'canal': ['TIENDA', 'WEB']}",{'$date': '2025-05-14'}
Teófilo Páez Luque,teofilo.paez.luque@example.com,Femenino,IR,"{'canal': ['WEB', 'TIENDA']}",{'$date': '2024-04-12'}
Luis Caballero Barreda,luis.caballero.barreda@example.com,Otro,QA,{'canal': ['TIENDA']},{'$date': '2024-12-01'}
Bonifacio Carvajal Zamora,bonifacio.carvajal.zamora@example.com,Femenino,LT,{'canal': ['TIENDA']},{'$date': '2025-11-13'}
Eusebio Nicolás Ramirez,eusebio.nicolas.ramirez@example.com,Otro,GB,{'canal': ['WEB']},{'$date': '2024-10-18'}
Bonifacio Estrada Recio,bonifacio.estrada.recio@example.com,Otro,KW,{'canal': ['WEB']},{'$date': '2024-07-19'}
Esperanza Benítez Piquer,esperanza.benitez.piquer@example.com,Masculino,UA,{'canal': ['WEB']},{'$date': '2024-12-18'}
Lara Flor Cerezo,lara.flor.cerezo@example.com,Otro,JO,"{'canal': ['WEB', 'TIENDA']}",{'$date': '2025-04-02'}
Azeneth del Pellicer,azeneth.del.pellicer@example.com,Otro,RW,{'canal': ['WEB']},{'$date': '2024-01-17'}
Lidia Valenzuela Ibañez,lidia.valenzuela.ibanez@example.com,Femenino,PY,{'canal': ['TIENDA']},{'$date': '2025-09-11'}
América Carbajo Córdoba,america.carbajo.cordoba@example.com,Otro,KI,{'canal': ['WEB']},{'$date': '2024-12-18'}
Francisco Belmonte Bernal,francisco.belmonte.bernal@example.com,Otro,MX,"{'canal': ['TIENDA', 'WEB']}",{'$date': '2025-02-11'}
Edmundo Carretero Amigó,edmundo.carretero.amigo@example.com,Femenino,DK,"{'canal': ['TIENDA', 'WEB']}",{'$date': '2024-10-27'}
Luciana Rebollo Carrillo,luciana.rebollo.carrillo@example.com,Otro,SA,{'canal': ['TIENDA']},{'$date': '2023-11-28'}
Alicia Genoveva Castelló Rocamora,alicia.genoveva.castello.rocamora@example.com,Otro,SN,{'canal': ['TIENDA']},{'$date': '2025-06-17'}
Ciro Redondo Enríquez,ciro.redondo.enriquez@example.com,Otro,PK,{'canal': ['TIENDA']},{'$date': '2025-05-27'}
Haydée Calderon-Izaguirre,haydee.calderon-izaguirre@example.com,Femenino,AL,{'canal': ['WEB']},{'$date': '2024-03-07'}
Bernardita Morera Cerdán,bernardita.morera.cerdan@example.com,Femenino,EE,"{'canal': ['WEB', 'TIENDA']}",{'$date': '2025-02-06'}
Rafael Arregui Pomares,rafael.arregui.pomares@example.com,Otro,NE,{'canal': ['TIENDA']},{'$date': '2024-08-18'}
Victorino Ródenas Alemany,victorino.rodenas.alemany@example.com,Femenino,SD,"{'canal': ['WEB', 'TIENDA']}",{'$date': '2024-03-26'}
Andrés Felipe Jacinto Higueras Alonso,andres.felipe.jacinto.higueras.alonso@example.com,Otro,CY,{'canal': ['TIENDA']},{'$date': '2024-10-24'}
Ximena Ros Sánchez,ximena.ros.sanchez@example.com,Femenino,NZ,{'canal': ['TIENDA']},{'$date': '2024-12-25'}
Vilma Izaguirre-Peinado,vilma.izaguirre-peinado@example.com,Femenino,LC,"{'canal': ['WEB', 'TIENDA']}",{'$date': '2025-02-22'}
Victor Manuel Segarra Villanueva,victor.manuel.segarra.villanueva@example.com,Femenino,PE,{'canal': ['TIENDA']},{'$date': '2024-09-22'}
Pedro Ferreras-Pombo,pedro.ferreras-pombo@example.com,Otro,KG,{'canal': ['WEB']},{'$date': '2024-11-20'}
Fanny Sarmiento Colom,fanny.sarmiento.colom@example.com,Otro,RS,{'canal': ['TIENDA']},{'$date': '2024-03-10'}
Arsenio Jonatan Acedo Cabello,arsenio.jonatan.acedo.cabello@example.com,Otro,SD,{'canal': ['WEB']},{'$date': '2024-12-13'}
César Gual,cesar.gual@example.com,Otro,TO,"{'canal': ['WEB', 'TIENDA']}",{'$date': '2024-10-28'}
Amador Soto Olivares,amador.soto.olivares@example.com,Masculino,UA,"{'canal': ['TIENDA', 'WEB']}",{'$date': '2024-02-02'}
Adolfo Luna Miranda,adolfo.luna.miranda@example.com,Otro,DJ,{'canal': ['WEB']},{'$date': '2024-11-16'}
Candela de Pelayo,candela.de.pelayo@example.com,Masculino,AR,{'canal': ['TIENDA']},{'$date': '2024-08-11'}
José del Paredes,jose.del.paredes@example.com,Femenino,SR,"{'canal': ['WEB', 'TIENDA']}",{'$date': '2025-02-09'}
Pascual Gutierrez-Lasa,pascual.gutierrez-lasa@example.com,Otro,DJ,"{'canal': ['TIENDA', 'WEB']}",{'$date': '2024-12-04'}
Nazario Carrión Ayala,nazario.carrion.ayala@example.com,Otro,CM,"{'canal': ['WEB', 'TIENDA']}",{'$date': '2025-07-06'}
Eloy Galiano,eloy.galiano@example.com,Femenino,UA,"{'canal': ['WEB', 'TIENDA']}",{'$date': '2024-06-17'}
Tomasa del Ropero,tomasa.del.ropero@example.com,Otro,HT,"{'canal': ['TIENDA', 'WEB']}",{'$date': '2025-02-11'}
Ruth Pablo-Flor,ruth.pablo-flor@example.com,Masculino,TL,"{'canal': ['WEB', 'TIENDA']}",{'$date': '2025-03-23'}
Soledad Talavera Gracia,soledad.talavera.gracia@example.com,Femenino,ZW,{'canal': ['WEB']},{'$date': '2024-01-02'}
Anacleto del Giner,anacleto.del.giner@example.com,Femenino,MG,{'canal': ['TIENDA']},{'$date': '2025-05-27'}
Almudena Lucas-Navas,almudena.lucas-navas@example.com,Femenino,LB,"{'canal': ['WEB', 'TIENDA']}",{'$date': '2025-07-18'}
Maricruz Carmona,maricruz.carmona@example.com,Otro,MG,{'canal': ['WEB']},{'$date': '2025-06-18'}
Eladio del Requena,eladio.del.requena@example.com,Femenino,PK,"{'canal': ['WEB', 'TIENDA']}",{'$date': '2025-02-22'}
Marcia Arranz Manuel,marcia.arranz.manuel@example.com,Femenino,SG,{'canal': ['TIENDA']},{'$date': '2024-03-11'}
Hilda Seco-Gomila,hilda.seco-gomila@example.com,Otro,LC,{'canal': ['TIENDA']},{'$date': '2025-08-30'}
Florentino del Ocaña,florentino.del.ocana@example.com,Masculino,PL,"{'canal': ['TIENDA', 'WEB']}",{'$date': '2024-11-19'}
Pablo Prieto-Águila,pablo.prieto-aguila@example.com,Otro,RS,{'canal': ['WEB']},{'$date': '2025-06-23'}
Zoraida Múñiz Real,zoraida.muniz.real@example.com,Otro,CN,"{'canal': ['TIENDA', 'WEB']}",{'$date': '2024-03-02'}
Germán Marcial Barranco Ugarte,german.marcial.barranco.ugarte@example.com,Otro,LK,"{'canal': ['WEB', 'TIENDA']}",{'$date': '2025-11-06'}
Ileana Roda Bravo,ileana.roda.bravo@example.com,Femenino,MH,{'canal': ['WEB']},{'$date': '2024-12-23'}
Josep Nogués Sedano,josep.nogues.sedano@example.com,Masculino,ID,{'canal': ['WEB']},{'$date': '2025-11-03'}
Gabino Zabaleta Robledo,gabino.zabaleta.robledo@example.com,Masculino,AM,"{'canal': ['TIENDA', 'WEB']}",{'$date': '2023-12-19'}
Severo Barranco Leal,severo.barranco.leal@example.com,Masculino,CZ,"{'canal': ['TIENDA', 'WEB']}",{'$date': '2023-12-29'}
Matilde de Benítez,matilde.de.benitez@example.com,Masculino,VU,{'canal': ['WEB']},{'$date': '2024-10-17'}
Zacarías Carballo Soria,zacarias.carballo.soria@example.com,Masculino,TM,"{'canal': ['TIENDA', 'WEB']}",{'$date': '2024-01-13'}
Tecla Cánovas Gibert,tecla.canovas.gibert@example.com,Masculino,DJ,{'canal': ['TIENDA']},{'$date': '2024-02-26'}
Atilio Agustín Gaya Solís,atilio.agustin.gaya.solis@example.com,Otro,KH,{'canal': ['TIENDA']},{'$date': '2024-09-19'}
Catalina Cobo Pla,catalina.cobo.pla@example.com,Masculino,SY,"{'canal': ['WEB', 'TIENDA']}",{'$date': '2024-07-20'}
Eladio Pacheco,eladio.pacheco@example.com,Femenino,SV,"{'canal': ['WEB', 'TIENDA']}",{'$date': '2025-02-12'}
Leoncio Gomis Rodrigo,leoncio.gomis.rodrigo@example.com,Femenino,AZ,"{'canal': ['TIENDA', 'WEB']}",{'$date': '2024-03-25'}
Marcelino Carrasco Llorens,marcelino.carrasco.llorens@example.com,Otro,AT,{'canal': ['WEB']},{'$date': '2025-05-24'}
Eric Marcos Franch,eric.marcos.franch@example.com,Femenino,RS,"{'canal': ['WEB', 'TIENDA']}",{'$date': '2024-01-12'}
Mayte Morcillo Sosa,mayte.morcillo.sosa@example.com,Femenino,GM,"{'canal': ['TIENDA', 'WEB']}",{'$date': '2024-08-17'}
Aroa Peñas Alegria,aroa.penas.alegria@example.com,Otro,SC,{'canal': ['WEB']},{'$date': '2025-02-08'}
Fito Redondo Aguiló,fito.redondo.aguilo@example.com,Femenino,YE,"{'canal': ['TIENDA', 'WEB']}",{'$date': '2023-12-17'}
Ceferino Iñiguez Portillo,ceferino.iniguez.portillo@example.com,Masculino,TL,"{'canal': ['WEB', 'TIENDA']}",{'$date': '2025-07-28'}
Nerea Viana Cerro,nerea.viana.cerro@example.com,Masculino,ER,{'canal': ['WEB']},{'$date': '2024-10-22'}
Cruz Viana Marcos,cruz.viana.marcos@example.com,Femenino,IQ,{'canal': ['TIENDA']},{'$date': '2024-11-03'}
Jessica Sanjuan Sánchez,jessica.sanjuan.sanchez@example.com,Masculino,DK,"{'canal': ['TIENDA', 'WEB']}",{'$date': '2024-01-31'}
Natanael Palomo-Hernando,natanael.palomo-hernando@example.com,Otro,PS,"{'canal': ['TIENDA', 'WEB']}",{'$date': '2025-06-17'}
Albino Noriega,albino.noriega@example.com,Otro,GM,{'canal': ['TIENDA']},{'$date': '2024-09-14'}
Natalio Monreal Ruiz,natalio.monreal.ruiz@example.com,Femenino,SA,{'canal': ['TIENDA']},{'$date': '2025-03-14'}
Chelo Ariño Gálvez,chelo.arino.galvez@example.com,Femenino,MA,"{'canal': ['WEB', 'TIENDA']}",{'$date': '2025-10-15'}
Dan Cristian Rozas Amat,dan.cristian.rozas.amat@example.com,Femenino,HT,{'canal': ['TIENDA']},{'$date': '2025-03-10'}
Ana Belén Cid,ana.belen.cid@example.com,Femenino,TM,"{'canal': ['WEB', 'TIENDA']}",{'$date': '2025-11-21'}
Fabiana Diaz-Vicens,fabiana.diaz-vicens@example.com,Femenino,AF,{'canal': ['WEB']},{'$date': '2024-08-28'}
Fausto Teruel Barreda,fausto.teruel.barreda@example.com,Masculino,CV,"{'canal': ['WEB', 'TIENDA']}",{'$date': '2025-05-12'}
Maribel Saura Bas,maribel.saura.bas@example.com,Masculino,AO,"{'canal': ['TIENDA', 'WEB']}",{'$date': '2025-11-19'}
Pancho Vergara Mármol,pancho.vergara.marmol@example.com,Masculino,SR,"{'canal': ['WEB', 'TIENDA']}",{'$date': '2024-08-07'}
Concepción Modesta Garay Guitart,concepcion.modesta.garay.guitart@example.com,Masculino,MA,"{'canal': ['WEB', 'TIENDA']}",{'$date': '2025-02-22'}
Noé Torrijos Mascaró,noe.torrijos.mascaro@example.com,Otro,NP,{'canal': ['WEB']},{'$date': '2024-05-13'}
Rosalva Pera Águila,rosalva.pera.aguila@example.com,Otro,GA,{'canal': ['WEB']},{'$date': '2024-02-08'}
Aurelio Morillo Nieto,aurelio.morillo.nieto@example.com,Otro,BA,"{'canal': ['TIENDA', 'WEB']}",{'$date': '2025-02-16'}
Ale Ramis Valero,ale.ramis.valero@example.com,Femenino,AF,"{'canal': ['TIENDA', 'WEB']}",{'$date': '2025-01-05'}
Cornelio Zabaleta,cornelio.zabaleta@example.com,Masculino,GR,"{'canal': ['WEB', 'TIENDA']}",{'$date': '2025-04-24'}
María Luisa Serrano Berenguer,maria.luisa.serrano.berenguer@example.com,Femenino,SZ,"{'canal': ['TIENDA', 'WEB']}",{'$date': '2024-06-27'}
Rafaela Ángeles Alberola Nicolau,rafaela.angeles.alberola.nicolau@example.com,Otro,DK,"{'canal': ['TIENDA', 'WEB']}",{'$date': '2024-06-16'}
Dolores Jordá Arévalo,dolores.jorda.arevalo@example.com,Femenino,MM,"{'canal': ['WEB', 'TIENDA']}",{'$date': '2024-09-03'}
Perlita Somoza Oliva,perlita.somoza.oliva@example.com,Otro,PT,"{'canal': ['TIENDA', 'WEB']}",{'$date': '2024-11-21'}
Onofre Guerra Escudero,onofre.guerra.escudero@example.com,Femenino,IR,"{'canal': ['WEB', 'TIENDA']}",{'$date': '2025-02-10'}
Armando Gonzalez-Solano,armando.gonzalez-solano@example.com,Femenino,US,"{'canal': ['TIENDA', 'WEB']}",{'$date': '2024-07-30'}
Noelia Alarcón Yáñez,noelia.alarcon.yanez@example.com,Masculino,TJ,{'canal': ['TIENDA']},{'$date': '2025-01-27'}
Epifanio Bosch Andreu,epifanio.bosch.andreu@example.com,Femenino,KW,"{'canal': ['WEB', 'TIENDA']}",{'$date': '2024-07-20'}
Luciana Raya Redondo,luciana.raya.redondo@example.com,Femenino,KW,{'canal': ['TIENDA']},{'$date': '2025-04-27'}
Manolo Oliveras Pintor,manolo.oliveras.pintor@example.com,Otro,MU,"{'canal': ['WEB', 'TIENDA']}",{'$date': '2025-07-12'}
Jose Antonio Portero-Folch,jose.antonio.portero-folch@example.com,Femenino,CV,"{'canal': ['WEB', 'TIENDA']}",{'$date': '2024-10-05'}
Ovidio Robles Benet,ovidio.robles.benet@example.com,Masculino,KH,{'canal': ['WEB']},{'$date': '2025-08-27'}
Gabino Martí Peralta,gabino.marti.peralta@example.com,Otro,PH,{'canal': ['WEB']},{'$date': '2025-03-27'}
Ramiro Salgado Pagès,ramiro.salgado.pages@example.com,Masculino,YE,{'canal': ['WEB']},{'$date': '2024-01-04'}
Gerónimo Alonso Contreras,geronimo.alonso.contreras@example.com,Otro,CH,{'canal': ['TIENDA']},{'$date': '2024-09-17'}
Maximiliano Mariño Avilés,maximiliano.marino.aviles@example.com,Masculino,ID,{'canal': ['TIENDA']},{'$date': '2024-09-14'}
Florencia Marita Losada Perez,florencia.marita.losada.perez@example.com,Masculino,AL,"{'canal': ['TIENDA', 'WEB']}",{'$date': '2024-09-04'}
Etelvina Castellanos Tomás,etelvina.castellanos.tomas@example.com,Otro,CZ,"{'canal': ['WEB', 'TIENDA']}",{'$date': '2024-06-24'}
Gema Prado Ramos,gema.prado.ramos@example.com,Femenino,TG,{'canal': ['WEB']},{'$date': '2024-02-13'}
Lucila Castilla-Boix,lucila.castilla-boix@example.com,Femenino,HU,"{'canal': ['TIENDA', 'WEB']}",{'$date': '2024-09-15'}
Loreto Montes-Viñas,loreto.montes-vinas@example.com,Otro,HR,"{'canal': ['TIENDA', 'WEB']}",{'$date': '2024-11-11'}
Julieta Núñez-Comas,julieta.nunez-comas@example.com,Masculino,LT,{'canal': ['WEB']},{'$date': '2024-04-27'}
Susanita Crespo Iriarte,susanita.crespo.iriarte@example.com,Otro,VE,"{'canal': ['TIENDA', 'WEB']}",{'$date': '2024-07-21'}
Eustaquio Jaume Esteve,eustaquio.jaume.esteve@example.com,Femenino,MU,"{'canal': ['WEB', 'TIENDA']}",{'$date': '2025-09-02'}
Goyo Ruano Vidal,goyo.ruano.vidal@example.com,Femenino,IT,{'canal': ['TIENDA']},{'$date': '2025-02-21'}
Maristela Paz Garmendia,maristela.paz.garmendia@example.com,Masculino,CA,{'canal': ['TIENDA']},{'$date': '2025-01-04'}
Filomena Garcia,filomena.garcia@example.com,Masculino,GT,"{'canal': ['WEB', 'TIENDA']}",{'$date': '2025-09-29'}
Hipólito Gabriel Vendrell Jordá,hipolito.gabriel.vendrell.jorda@example.com,Masculino,UZ,"{'canal': ['TIENDA', 'WEB']}",{'$date': '2025-06-15'}
Geraldo Ródenas Sotelo,geraldo.rodenas.sotelo@example.com,Otro,JM,"{'canal': ['TIENDA', 'WEB']}",{'$date': '2025-08-19'}
Alexandra Maldonado Tapia,alexandra.maldonado.tapia@example.com,Otro,CO,"{'canal': ['TIENDA', 'WEB']}",{'$date': '2025-10-04'}
Virginia Castillo Ferrando,virginia.castillo.ferrando@example.com,Femenino,RO,"{'canal': ['WEB', 'TIENDA']}",{'$date': '2024-07-05'}
Eligio Fabián Castells Méndez,eligio.fabian.castells.mendez@example.com,Otro,CN,"{'canal': ['TIENDA', 'WEB']}",{'$date': '2024-03-08'}
Quirino Expósito,quirino.exposito@example.com,Masculino,AU,"{'canal': ['TIENDA', 'WEB']}",{'$date': '2025-04-02'}
Nazario Bautista Leiva,nazario.bautista.leiva@example.com,Otro,MX,{'canal': ['WEB']},{'$date': '2024-11-11'}
Demetrio Reina,demetrio.reina@example.com,Masculino,GD,"{'canal': ['WEB', 'TIENDA']}",{'$date': '2025-05-20'}
Nicolás Mayo Mena,nicolas.mayo.mena@example.com,Otro,KE,{'canal': ['TIENDA']},{'$date': '2024-09-25'}
Amor Cornelio Solera Porcel,amor.cornelio.solera.porcel@example.com,Femenino,KR,"{'canal': ['TIENDA', 'WEB']}",{'$date': '2025-10-23'}
Abraham Bellido Millán,abraham.bellido.millan@example.com,Otro,ET,{'canal': ['TIENDA']},{'$date': '2025-07-20'}
Anabel Sanjuan Gallego,anabel.sanjuan.gallego@example.com,Masculino,US,{'canal': ['WEB']},{'$date': '2025-03-05'}
Celia del Bolaños,celia.del.bolanos@example.com,Femenino,TV,{'canal': ['WEB']},{'$date': '2025-07-03'}
Adolfo Ballesteros Pozuelo,adolfo.ballesteros.pozuelo@example.com,Femenino,SZ,"{'canal': ['WEB', 'TIENDA']}",{'$date': '2024-05-17'}
Margarita Duarte Martinez,margarita.duarte.martinez@example.com,Otro,AM,{'canal': ['TIENDA']},{'$date': '2025-11-04'}
Glauco Inocencio Alba Herranz,glauco.inocencio.alba.herranz@example.com,Femenino,IR,{'canal': ['WEB']},{'$date': '2024-07-13'}
Aitor Anguita Castrillo,aitor.anguita.castrillo@example.com,Femenino,SM,"{'canal': ['TIENDA', 'WEB']}",{'$date': '2024-02-02'}
Adoración Cortina-Fuertes,adoracion.cortina-fuertes@example.com,Otro,MT,"{'canal': ['TIENDA', 'WEB']}",{'$date': '2024-07-21'}
Natanael Eutimio Villegas Olivé,natanael.eutimio.villegas.olive@example.com,Femenino,LA,"{'canal': ['TIENDA', 'WEB']}",{'$date': '2025-08-20'}
Samuel Ferreras,samuel.ferreras@example.com,Femenino,SY,"{'canal': ['TIENDA', 'WEB']}",{'$date': '2024-11-02'}
Fabiola Campos Jiménez,fabiola.campos.jimenez@example.com,Otro,GA,"{'canal': ['TIENDA', 'WEB']}",{'$date': '2024-06-17'}
Macario Tamayo,macario.tamayo@example.com,Masculino,MG,"{'canal': ['WEB', 'TIENDA']}",{'$date': '2024-12-10'}
Adán Abellán Riba,adan.abellan.riba@example.com,Femenino,TV,"{'canal': ['TIENDA', 'WEB']}",{'$date': '2025-07-06'}
Guillermo de Piñeiro,guillermo.de.pineiro@example.com,Masculino,FR,"{'canal': ['TIENDA', 'WEB']}",{'$date': '2025-11-19'}
Camila Priego-Cid,camila.priego-cid@example.com,Masculino,UA,"{'canal': ['TIENDA', 'WEB']}",{'$date': '2024-03-16'}
Caridad Esteban-Jáuregui,caridad.esteban-jauregui@example.com,Masculino,BD,"{'canal': ['WEB', 'TIENDA']}",{'$date': '2025-08-23'}
Rosendo del Ballester,rosendo.del.ballester@example.com,Otro,ER,{'canal': ['WEB']},{'$date': '2024-06-23'}
Lourdes Llopis-Diez,lourdes.llopis-diez@example.com,Masculino,TN,"{'canal': ['WEB', 'TIENDA']}",{'$date': '2025-07-05'}
Zacarías Hervás,zacarias.hervas@example.com,Masculino,FJ,"{'canal': ['TIENDA', 'WEB']}",{'$date': '2025-03-19'}
Ana Madrid Boada,ana.madrid.boada@example.com,Otro,CR,"{'canal': ['WEB', 'TIENDA']}",{'$date': '2024-12-04'}
María Luisa Nevado,maria.luisa.nevado@example.com,Otro,BR,{'canal': ['TIENDA']},{'$date': '2024-03-03'}
Juan Antonio Cabanillas Vaquero,juan.antonio.cabanillas.vaquero@example.com,Femenino,IQ,{'canal': ['WEB']},{'$date': '2024-01-31'}
Sancho Álamo Correa,sancho.alamo.correa@example.com,Masculino,CA,"{'canal': ['WEB', 'TIENDA']}",{'$date': '2025-10-31'}
Chucho Peñalver Pomares,chucho.penalver.pomares@example.com,Femenino,KG,{'canal': ['WEB']},{'$date': '2025-02-15'}
Angelita Matas Montalbán,angelita.matas.montalban@example.com,Otro,AL,"{'canal': ['WEB', 'TIENDA']}",{'$date': '2025-11-07'}
David de Pablo,david.de.pablo@example.com,Otro,PL,"{'canal': ['WEB', 'TIENDA']}",{'$date': '2024-12-16'}
Flor Caballero Ortuño,flor.caballero.ortuno@example.com,Femenino,MZ,"{'canal': ['WEB', 'TIENDA']}",{'$date': '2025-05-11'}
Íngrid Expósito-Tomé,ingrid.exposito-tome@example.com,Masculino,UZ,{'canal': ['WEB']},{'$date': '2025-05-07'}
Paz Vara Almazán,paz.vara.almazan@example.com,Otro,HU,"{'canal': ['WEB', 'TIENDA']}",{'$date': '2024-11-11'}
Elisabet Garay Osorio,elisabet.garay.osorio@example.com,Otro,TJ,"{'canal': ['TIENDA', 'WEB']}",{'$date': '2023-11-29'}
Antonio Saavedra Querol,antonio.saavedra.querol@example.com,Masculino,AE,"{'canal': ['TIENDA', 'WEB']}",{'$date': '2024-08-05'}
África Hidalgo Calatayud,africa.hidalgo.calatayud@example.com,Otro,PE,{'canal': ['WEB']},{'$date': '2024-08-28'}
Jesús de Castañeda,jesus.de.castaneda@example.com,Otro,LI,{'canal': ['TIENDA']},{'$date': '2024-06-15'}
Rómulo Sales Roselló,romulo.sales.rosello@example.com,Otro,PT,{'canal': ['WEB']},{'$date': '2024-10-21'}
Carina García Pastor,carina.garcia.pastor@example.com,Otro,DJ,"{'canal': ['WEB', 'TIENDA']}",{'$date': '2024-05-07'}
Alejo Valls-Cañizares,alejo.valls-canizares@example.com,Femenino,MR,{'canal': ['TIENDA']},{'$date': '2025-05-22'}
Jesús Casals,jesus.casals@example.com,Femenino,NG,{'canal': ['WEB']},{'$date': '2025-08-12'}
Daniela Aparicio-Calvo,daniela.aparicio-calvo@example.com,Masculino,KR,"{'canal': ['WEB', 'TIENDA']}",{'$date': '2024-06-04'}
Patricia Baró,patricia.baro@example.com,Femenino,AG,{'canal': ['WEB']},{'$date': '2024-04-02'}
Fortunato Lumbreras Rubio,fortunato.lumbreras.rubio@example.com,Masculino,RO,"{'canal': ['WEB', 'TIENDA']}",{'$date': '2024-10-07'}
Zaira Trujillo Estévez,zaira.trujillo.estevez@example.com,Otro,GR,{'canal': ['WEB']},{'$date': '2025-01-23'}
Santiago Enríquez Méndez,santiago.enriquez.mendez@example.com,Otro,UY,"{'canal': ['WEB', 'TIENDA']}",{'$date': '2025-04-14'}
Simón Murillo-Melero,simon.murillo-melero@example.com,Masculino,SM,{'canal': ['WEB']},{'$date': '2023-12-02'}
Loreto Barragán Andrade,loreto.barragan.andrade@example.com,Masculino,US,"{'canal': ['WEB', 'TIENDA']}",{'$date': '2024-05-29'}
Sofía Tenorio-Solé,sofia.tenorio-sole@example.com,Femenino,UG,{'canal': ['WEB']},{'$date': '2024-11-01'}
Nacho Llamas-Batalla,nacho.llamas-batalla@example.com,Otro,KE,{'canal': ['WEB']},{'$date': '2025-06-30'}
Luisina Figuerola,luisina.figuerola@example.com,Masculino,FM,"{'canal': ['WEB', 'TIENDA']}",{'$date': '2024-10-02'}
Maximino Infante Solé,maximino.infante.sole@example.com,Masculino,IE,{'canal': ['WEB']},{'$date': '2025-07-29'}
Dolores Remedios Ballesteros Chaparro,dolores.remedios.ballesteros.chaparro@example.com,Masculino,PE,"{'canal': ['WEB', 'TIENDA']}",{'$date': '2023-12-28'}
Desiderio Agustín,desiderio.agustin@example.com,Femenino,ZM,{'canal': ['WEB']},{'$date': '2025-07-31'}
Ainara Godoy Feijoo,ainara.godoy.feijoo@example.com,Otro,IL,"{'canal': ['WEB', 'TIENDA']}",{'$date': '2025-10-10'}
Álvaro de Montoya,alvaro.de.montoya@example.com,Femenino,TV,"{'canal': ['WEB', 'TIENDA']}",{'$date': '2024-04-10'}
Ramón Máximo Valencia Teruel,ramon.maximo.valencia.teruel@example.com,Masculino,BR,"{'canal': ['WEB', 'TIENDA']}",{'$date': '2024-08-16'}
Cesar Vara Mate,cesar.vara.mate@example.com,Otro,LA,"{'canal': ['TIENDA', 'WEB']}",{'$date': '2024-01-18'}
Melchor Melero,melchor.melero@example.com,Otro,BZ,{'canal': ['WEB']},{'$date': '2024-04-29'}
Lupe Marí Baeza,lupe.mari.baeza@example.com,Masculino,EG,"{'canal': ['WEB', 'TIENDA']}",{'$date': '2024-01-14'}
Rosaura Olivares Rovira,rosaura.olivares.rovira@example.com,Otro,MN,{'canal': ['TIENDA']},{'$date': '2025-03-21'}
Soledad Benítez-Llamas,soledad.benitez-llamas@example.com,Femenino,KN,"{'canal': ['WEB', 'TIENDA']}",{'$date': '2024-12-27'}
Paca Guitart,paca.guitart@example.com,Otro,KG,{'canal': ['WEB']},{'$date': '2024-10-07'}
María Del Carmen Heras Laguna,maria.del.carmen.heras.laguna@example.com,Femenino,LR,"{'canal': ['WEB', 'TIENDA']}",{'$date': '2024-09-20'}
Renata Sevillano Pino,renata.sevillano.pino@example.com,Femenino,LA,"{'canal': ['WEB', 'TIENDA']}",{'$date': '2025-08-05'}
Alberto Martínez Vera,alberto.martinez.vera@example.com,Otro,SL,"{'canal': ['WEB', 'TIENDA']}",{'$date': '2024-06-29'}
Pancho Benito Carreño,pancho.benito.carreno@example.com,Femenino,GH,"{'canal': ['WEB', 'TIENDA']}",{'$date': '2025-07-01'}
Loreto Salgado-Torrent,loreto.salgado-torrent@example.com,Masculino,TH,"{'canal': ['TIENDA', 'WEB']}",{'$date': '2025-09-17'}
Feliciana Sonia Corbacho Huguet,feliciana.sonia.corbacho.huguet@example.com,Otro,LS,{'canal': ['WEB']},{'$date': '2025-01-01'}
Catalina Ribes,catalina.ribes@example.com,Otro,NE,{'canal': ['WEB']},{'$date': '2025-10-20'}
Vilma Mariscal Arcos,vilma.mariscal.arcos@example.com,Otro,CA,{'canal': ['WEB']},{'$date': '2025-11-17'}
María Ángeles Izquierdo Gálvez,maria.angeles.izquierdo.galvez@example.com,Masculino,CO,{'canal': ['WEB']},{'$date': '2025-01-27'}
Rosalinda Corominas Expósito,rosalinda.corominas.exposito@example.com,Otro,CO,{'canal': ['TIENDA']},{'$date': '2024-12-16'}
Alicia Moya Franch,alicia.moya.franch@example.com,Otro,CL,"{'canal': ['WEB', 'TIENDA']}",{'$date': '2024-05-07'}
Paola Cisneros Farré,paola.cisneros.farre@example.com,Otro,IQ,"{'canal': ['WEB', 'TIENDA']}",{'$date': '2024-09-28'}
Victor Anglada Cadenas,victor.anglada.cadenas@example.com,Masculino,GB,{'canal': ['TIENDA']},{'$date': '2024-08-22'}
Luís de Esparza,luis.de.esparza@example.com,Otro,TR,{'canal': ['TIENDA']},{'$date': '2024-03-29'}
Ignacia Patiño-Valenzuela,ignacia.patino-valenzuela@example.com,Masculino,TV,{'canal': ['WEB']},{'$date': '2024-03-20'}
Elba Sanabria Zapata,elba.sanabria.zapata@example.com,Otro,VN,{'canal': ['TIENDA']},{'$date': '2025-09-07'}
Carolina de Manzano,carolina.de.manzano@example.com,Masculino,CV,{'canal': ['WEB']},{'$date': '2025-11-04'}
Lucho Anaya Ayuso,lucho.anaya.ayuso@example.com,Masculino,HT,"{'canal': ['TIENDA', 'WEB']}",{'$date': '2024-04-17'}
María Pilar Ortuño Mate,maria.pilar.ortuno.mate@example.com,Masculino,BG,{'canal': ['TIENDA']},{'$date': '2024-09-08'}
Angelita Salom Matas,angelita.salom.matas@example.com,Otro,PY,{'canal': ['WEB']},{'$date': '2025-09-06'}
Blanca del Aguilar,blanca.del.aguilar@example.com,Otro,BD,{'canal': ['TIENDA']},{'$date': '2024-10-06'}
Emilia del Ureña,emilia.del.urena@example.com,Masculino,PT,{'canal': ['WEB']},{'$date': '2025-11-07'}
Marisol Santos Fiol,marisol.santos.fiol@example.com,Femenino,AE,"{'canal': ['TIENDA', 'WEB']}",{'$date': '2024-02-15'}
Lorenza Bermúdez Nogués,lorenza.bermudez.nogues@example.com,Masculino,IR,"{'canal': ['TIENDA', 'WEB']}",{'$date': '2024-04-15'}
Rubén Carrera Tamarit,ruben.carrera.tamarit@example.com,Femenino,MZ,"{'canal': ['WEB', 'TIENDA']}",{'$date': '2024-10-13'}
Jovita Patiño Otero,jovita.patino.otero@example.com,Masculino,GT,{'canal': ['WEB']},{'$date': '2024-07-26'}
Fortunato Menéndez Cardona,fortunato.menendez.cardona@example.com,Masculino,JO,"{'canal': ['WEB', 'TIENDA']}",{'$date': '2025-01-17'}
Vanesa Comas Rey,vanesa.comas.rey@example.com,Otro,KI,{'canal': ['TIENDA']},{'$date': '2025-03-11'}
Isabel del Carro,isabel.del.carro@example.com,Masculino,ER,{'canal': ['TIENDA']},{'$date': '2025-05-14'}
Olalla del Campo,olalla.del.campo@example.com,Masculino,HN,{'canal': ['TIENDA']},{'$date': '2025-01-30'}
Celestina Neira-Gutiérrez,celestina.neira-gutierrez@example.com,Femenino,VA,"{'canal': ['WEB', 'TIENDA']}",{'$date': '2023-11-29'}
Esperanza Hoyos,esperanza.hoyos@example.com,Otro,SB,"{'canal': ['TIENDA', 'WEB']}",{'$date': '2025-08-03'}
Lucho Vallejo-Agullo,lucho.vallejo-agullo@example.com,Otro,PS,"{'canal': ['WEB', 'TIENDA']}",{'$date': '2024-01-07'}
Arsenio Español Vera,arsenio.espanol.vera@example.com,Masculino,ML,"{'canal': ['TIENDA', 'WEB']}",{'$date': '2025-02-21'}
Rosalinda de Moliner,rosalinda.de.moliner@example.com,Otro,FR,"{'canal': ['WEB', 'TIENDA']}",{'$date': '2024-10-25'}
Aureliano Silva,aureliano.silva@example.com,Masculino,TH,{'canal': ['WEB']},{'$date': '2025-08-14'}
Augusto Granados Cerdá,augusto.granados.cerda@example.com,Masculino,EC,"{'canal': ['TIENDA', 'WEB']}",{'$date': '2025-04-17'}
Natalio Marcos Lozano,natalio.marcos.lozano@example.com,Femenino,TO,"{'canal': ['TIENDA', 'WEB']}",{'$date': '2024-11-30'}
Sandalio Landa Mancebo,sandalio.landa.mancebo@example.com,Masculino,TH,{'canal': ['WEB']},{'$date': '2024-09-11'}
Susanita Goñi,susanita.goni@example.com,Femenino,ZW,"{'canal': ['WEB', 'TIENDA']}",{'$date': '2025-08-08'}
Nidia Cabañas Lastra,nidia.cabanas.lastra@example.com,Femenino,VE,"{'canal': ['TIENDA', 'WEB']}",{'$date': '2024-03-27'}
Salomé Pellicer Pou,salome.pellicer.pou@example.com,Otro,JP,{'canal': ['TIENDA']},{'$date': '2024-11-05'}
José Antonio Estrada Olivera,jose.antonio.estrada.olivera@example.com,Masculino,ZA,"{'canal': ['WEB', 'TIENDA']}",{'$date': '2025-02-04'}
Rafa de Cases,rafa.de.cases@example.com,Femenino,MG,{'canal': ['TIENDA']},{'$date': '2025-07-09'}
Irma Iñiguez Luz,irma.iniguez.luz@example.com,Otro,BI,{'canal': ['TIENDA']},{'$date': '2025-02-08'}
Pastora de Cárdenas,pastora.de.cardenas@example.com,Otro,TM,"{'canal': ['TIENDA', 'WEB']}",{'$date': '2024-12-28'}
Salomón de Recio,salomon.de.recio@example.com,Otro,QA,{'canal': ['WEB']},{'$date': '2025-07-14'}
Haroldo Cuadrado Acero,haroldo.cuadrado.acero@example.com,Masculino,JM,"{'canal': ['WEB', 'TIENDA']}",{'$date': '2024-04-24'}
Alma del Serrano,alma.del.serrano@example.com,Masculino,VN,{'canal': ['WEB']},{'$date': '2024-12-03'}
Encarnación Salomé Rovira Cabrera,encarnacion.salome.rovira.cabrera@example.com,Femenino,GW,{'canal': ['TIENDA']},{'$date': '2025-11-19'}
Roque Cobos Andres,roque.cobos.andres@example.com,Masculino,SR,{'canal': ['TIENDA']},{'$date': '2024-03-09'}
Ariel Castejón Ortiz,ariel.castejon.ortiz@example.com,Femenino,AU,{'canal': ['WEB']},{'$date': '2024-08-23'}
Amarilis Gual Marín,amarilis.gual.marin@example.com,Masculino,HT,"{'canal': ['TIENDA', 'WEB']}",{'$date': '2025-02-25'}
Nélida Carolina Pozo Baena,nelida.carolina.pozo.baena@example.com,Masculino,AR,"{'canal': ['WEB', 'TIENDA']}",{'$date': '2024-04-20'}
Saturnino Domínguez Catalá,saturnino.dominguez.catala@example.com,Femenino,MT,{'canal': ['WEB']},{'$date': '2025-01-30'}
Selena Neira-Carretero,selena.neira-carretero@example.com,Otro,DO,{'canal': ['TIENDA']},{'$date': '2024-12-28'}
Nazario Neira Segura,nazario.neira.segura@example.com,Masculino,BF,"{'canal': ['WEB', 'TIENDA']}",{'$date': '2024-06-08'}
Xavier Peláez Cadenas,xavier.pelaez.cadenas@example.com,Femenino,BS,{'canal': ['TIENDA']},{'$date': '2025-02-11'}
Guiomar Cabrera Cerro,guiomar.cabrera.cerro@example.com,Otro,DE,{'canal': ['WEB']},{'$date': '2024-03-14'}
Chita Montserrat Heras,chita.montserrat.heras@example.com,Otro,MM,"{'canal': ['TIENDA', 'WEB']}",{'$date': '2025-08-13'}
Hilario Vergara Lobato,hilario.vergara.lobato@example.com,Femenino,AF,"{'canal': ['TIENDA', 'WEB']}",{'$date': '2024-09-04'}
Zaida Murillo Calderon,zaida.murillo.calderon@example.com,Femenino,SG,"{'canal': ['WEB', 'TIENDA']}",{'$date': '2025-09-27'}
Edelmiro Fernandez Rivera,edelmiro.fernandez.rivera@example.com,Masculino,MX,{'canal': ['WEB']},{'$date': '2025-05-21'}
Omar Miró Aznar,omar.miro.aznar@example.com,Femenino,FJ,{'canal': ['TIENDA']},{'$date': '2023-12-17'}
Eduardo Corral Haro,eduardo.corral.haro@example.com,Otro,TO,{'canal': ['WEB']},{'$date': '2025-01-12'}
Adán Simó-Marcos,adan.simo-marcos@example.com,Femenino,ES,"{'canal': ['TIENDA', 'WEB']}",{'$date': '2025-01-19'}
César del Huerta,cesar.del.huerta@example.com,Masculino,BZ,"{'canal': ['TIENDA', 'WEB']}",{'$date': '2025-05-25'}
Baltasar Larrea,baltasar.larrea@example.com,Femenino,TJ,{'canal': ['TIENDA']},{'$date': '2024-03-09'}
Bernardo Escamilla Hervás,bernardo.escamilla.hervas@example.com,Otro,HU,{'canal': ['WEB']},{'$date': '2024-07-28'}
Américo Emiliano Ayala Belmonte,americo.emiliano.ayala.belmonte@example.com,Femenino,PY,"{'canal': ['WEB', 'TIENDA']}",{'$date': '2024-03-10'}
Fausto Valerio Nogués Arrieta,fausto.valerio.nogues.arrieta@example.com,Otro,RW,{'canal': ['TIENDA']},{'$date': '2024-11-06'}
Camila Benítez Abellán,camila.benitez.abellan@example.com,Masculino,BZ,"{'canal': ['WEB', 'TIENDA']}",{'$date': '2024-05-31'}
Simón Marcelo Guerra Sanabria,simon.marcelo.guerra.sanabria@example.com,Femenino,IT,{'canal': ['WEB']},{'$date': '2024-10-30'}
Marisol Huerta Ribas,marisol.huerta.ribas@example.com,Otro,BJ,"{'canal': ['TIENDA', 'WEB']}",{'$date': '2024-06-12'}
Noé Huerta Verdú,noe.huerta.verdu@example.com,Femenino,PW,{'canal': ['WEB']},{'$date': '2024-02-23'}
Jose Antonio Vara-Cal,jose.antonio.vara-cal@example.com,Otro,IS,"{'canal': ['WEB', 'TIENDA']}",{'$date': '2025-06-11'}
Ramiro Cristian Rosado Ochoa,ramiro.cristian.rosado.ochoa@example.com,Otro,KW,{'canal': ['WEB']},{'$date': '2024-11-07'}
Evangelina Alsina Franco,evangelina.alsina.franco@example.com,Femenino,MM,"{'canal': ['TIENDA', 'WEB']}",{'$date': '2025-10-20'}
Chucho Guardiola Boix,chucho.guardiola.boix@example.com,Femenino,CR,{'canal': ['TIENDA']},{'$date': '2025-05-31'}
Domitila Ortiz Grande,domitila.ortiz.grande@example.com,Femenino,SE,{'canal': ['TIENDA']},{'$date': '2025-04-08'}
Bernardino del Cañas,bernardino.del.canas@example.com,Masculino,AG,"{'canal': ['TIENDA', 'WEB']}",{'$date': '2024-05-29'}
Cirino Burgos Gonzalo,cirino.burgos.gonzalo@example.com,Masculino,NG,{'canal': ['TIENDA']},{'$date': '2024-07-06'}
Virgilio Vallejo,virgilio.vallejo@example.com,Femenino,JM,"{'canal': ['TIENDA', 'WEB']}",{'$date': '2024-09-05'}
Eugenia Dominguez,eugenia.dominguez@example.com,Masculino,NL,"{'canal': ['WEB', 'TIENDA']}",{'$date': '2025-06-09'}
Cintia Benavent-Cabezas,cintia.benavent-cabezas@example.com,Masculino,MU,{'canal': ['WEB']},{'$date': '2025-02-13'}
Anselma Matas Girón,anselma.matas.giron@example.com,Masculino,TL,"{'canal': ['TIENDA', 'WEB']}",{'$date': '2024-11-03'}
Rogelio Real Fabregat,rogelio.real.fabregat@example.com,Otro,PL,"{'canal': ['TIENDA', 'WEB']}",{'$date': '2025-01-12'}
Agustín Mur Soto,agustin.mur.soto@example.com,Otro,GY,"{'canal': ['WEB', 'TIENDA']}",{'$date': '2025-05-08'}
Manola Roselló Alcázar,manola.rosello.alcazar@example.com,Otro,AO,"{'canal': ['WEB', 'TIENDA']}",{'$date': '2025-07-09'}
Íñigo Verdugo,inigo.verdugo@example.com,Masculino,MR,"{'canal': ['WEB', 'TIENDA']}",{'$date': '2023-12-17'}
Eligio Samuel Comas Acero,eligio.samuel.comas.acero@example.com,Femenino,FJ,{'canal': ['TIENDA']},{'$date': '2024-04-19'}
Rosalina Alberdi Barco,rosalina.alberdi.barco@example.com,Masculino,BG,"{'canal': ['TIENDA', 'WEB']}",{'$date': '2025-04-15'}
Nico Gibert Portillo,nico.gibert.portillo@example.com,Femenino,CY,{'canal': ['WEB']},{'$date': '2025-10-11'}
Patricia del Vilalta,patricia.del.vilalta@example.com,Femenino,VU,{'canal': ['TIENDA']},{'$date': '2025-08-03'}
Marianela de Román,marianela.de.roman@example.com,Masculino,CG,"{'canal': ['WEB', 'TIENDA']}",{'$date': '2025-06-15'}
Raúl Gutierrez,raul.gutierrez@example.com,Otro,KN,"{'canal': ['WEB', 'TIENDA']}",{'$date': '2024-05-12'}
Clarisa Benet Pedrero,clarisa.benet.pedrero@example.com,Otro,SZ,{'canal': ['TIENDA']},{'$date': '2024-02-24'}
Leire Hidalgo Castellanos,leire.hidalgo.castellanos@example.com,Femenino,IL,"{'canal': ['TIENDA', 'WEB']}",{'$date': '2025-08-08'}
Baudelio Vizcaíno Bayona,baudelio.vizcaino.bayona@example.com,Femenino,CN,{'canal': ['WEB']},{'$date': '2025-07-29'}
Vanesa Martinez Frutos,vanesa.martinez.frutos@example.com,Otro,NO,"{'canal': ['TIENDA', 'WEB']}",{'$date': '2025-09-20'}
Irma Estrada,irma.estrada@example.com,Masculino,AD,"{'canal': ['TIENDA', 'WEB']}",{'$date': '2024-11-03'}
Eva Roig-Vidal,eva.roig-vidal@example.com,Masculino,UZ,"{'canal': ['TIENDA', 'WEB']}",{'$date': '2024-01-24'}
Olga Jordán Grau,olga.jordan.grau@example.com,Femenino,AE,"{'canal': ['TIENDA', 'WEB']}",{'$date': '2024-12-16'}
Bernardino Esteve Saez,bernardino.esteve.saez@example.com,Otro,PH,"{'canal': ['TIENDA', 'WEB']}",{'$date': '2024-01-15'}
Luís Nicolau Morillo,luis.nicolau.morillo@example.com,Otro,SC,"{'canal': ['TIENDA', 'WEB']}",{'$date': '2024-05-04'}
Felicidad Osorio Domínguez,felicidad.osorio.dominguez@example.com,Masculino,UA,{'canal': ['TIENDA']},{'$date': '2025-03-03'}
Ulises Heras Mateo,ulises.heras.mateo@example.com,Otro,TD,{'canal': ['WEB']},{'$date': '2025-04-05'}
Cayetana Bonilla,cayetana.bonilla@example.com,Masculino,ZM,"{'canal': ['TIENDA', 'WEB']}",{'$date': '2024-05-22'}
Noé Sureda Moya,noe.sureda.moya@example.com,Otro,DZ,"{'canal': ['TIENDA', 'WEB']}",{'$date': '2025-07-19'}
Palmira Barceló Alvarado,palmira.barcelo.alvarado@example.com,Otro,HR,"{'canal': ['TIENDA', 'WEB']}",{'$date': '2025-09-27'}
Erasmo Villalonga-Valenzuela,erasmo.villalonga-valenzuela@example.com,Otro,CG,{'canal': ['WEB']},{'$date': '2024-03-09'}
Duilio Coello Camino,duilio.coello.camino@example.com,Masculino,LY,{'canal': ['WEB']},{'$date': '2024-07-09'}
Sara Lloret Acedo,sara.lloret.acedo@example.com,Femenino,RO,{'canal': ['WEB']},{'$date': '2024-11-02'}
Itziar Boix Ropero,itziar.boix.ropero@example.com,Otro,LV,{'canal': ['TIENDA']},{'$date': '2025-05-10'}
Bautista Estevez Cánovas,bautista.estevez.canovas@example.com,Otro,ID,{'canal': ['WEB']},{'$date': '2025-10-29'}
Esther Mendez Niño,esther.mendez.nino@example.com,Otro,AU,{'canal': ['TIENDA']},{'$date': '2024-01-06'}
Benjamín Zabala-Carro,benjamin.zabala-carro@example.com,Masculino,NA,{'canal': ['TIENDA']},{'$date': '2024-09-09'}
Silvio Robles Chamorro,silvio.robles.chamorro@example.com,Femenino,LR,"{'canal': ['WEB', 'TIENDA']}",{'$date': '2024-10-28'}
Pía de Amores,pia.de.amores@example.com,Otro,CH,{'canal': ['TIENDA']},{'$date': '2023-12-09'}
Virginia Alcalá Heredia,virginia.alcala.heredia@example.com,Otro,KM,{'canal': ['TIENDA']},{'$date': '2024-02-13'}
Bernardo Orozco Espejo,bernardo.orozco.espejo@example.com,Masculino,MK,"{'canal': ['WEB', 'TIENDA']}",{'$date': '2024-03-22'}
Albano del Marin,albano.del.marin@example.com,Masculino,NE,"{'canal': ['WEB', 'TIENDA']}",{'$date': '2024-07-21'}
Loida Cifuentes Sanchez,loida.cifuentes.sanchez@example.com,Masculino,NI,"{'canal': ['TIENDA', 'WEB']}",{'$date': '2025-05-19'}
Óscar Aguado-Sarmiento,oscar.aguado-sarmiento@example.com,Otro,TO,"{'canal': ['WEB', 'TIENDA']}",{'$date': '2025-06-17'}
Cesar Mármol Bernad,cesar.marmol.bernad@example.com,Otro,GQ,"{'canal': ['TIENDA', 'WEB']}",{'$date': '2025-07-10'}
Sancho Arroyo-Heredia,sancho.arroyo-heredia@example.com,Masculino,PG,"{'canal': ['TIENDA', 'WEB']}",{'$date': '2025-04-07'}
Bernabé Ruano Escamilla,bernabe.ruano.escamilla@example.com,Masculino,ZW,{'canal': ['TIENDA']},{'$date': '2025-08-25'}
Gabino del Coronado,gabino.del.coronado@example.com,Otro,BZ,"{'canal': ['WEB', 'TIENDA']}",{'$date': '2024-10-27'}
Hermenegildo Ferrán Juan,hermenegildo.ferran.juan@example.com,Masculino,SC,"{'canal': ['WEB', 'TIENDA']}",{'$date': '2025-08-15'}
Benigna Romeu Pedro,benigna.romeu.pedro@example.com,Masculino,PT,{'canal': ['WEB']},{'$date': '2024-10-15'}
Rogelio Varela Alfaro,rogelio.varela.alfaro@example.com,Otro,NO,"{'canal': ['WEB', 'TIENDA']}",{'$date': '2024-10-29'}
María Corral-Granados,maria.corral-granados@example.com,Otro,PT,"{'canal': ['WEB', 'TIENDA']}",{'$date': '2025-05-18'}
Jonatan Gascón Sureda,jonatan.gascon.sureda@example.com,Masculino,IQ,{'canal': ['WEB']},{'$date': '2024-06-16'}
Chita López,chita.lopez@example.com,Masculino,UG,"{'canal': ['WEB', 'TIENDA']}",{'$date': '2024-12-09'}
Dani Nieto Gomez,dani.nieto.gomez@example.com,Femenino,EE,"{'canal': ['WEB', 'TIENDA']}",{'$date': '2024-02-08'}
Felicia Mínguez Pulido,felicia.minguez.pulido@example.com,Femenino,LR,{'canal': ['WEB']},{'$date': '2024-11-11'}
Cintia Piñeiro Bermudez,cintia.pineiro.bermudez@example.com,Otro,KN,{'canal': ['WEB']},{'$date': '2024-02-21'}
Eustaquio Puerta Galán,eustaquio.puerta.galan@example.com,Femenino,KH,{'canal': ['TIENDA']},{'$date': '2025-10-23'}
Febe de Almeida,febe.de.almeida@example.com,Masculino,TD,{'canal': ['WEB']},{'$date': '2023-12-12'}
Leire Portillo-Escudero,leire.portillo-escudero@example.com,Femenino,SD,"{'canal': ['TIENDA', 'WEB']}",{'$date': '2024-09-21'}
Bartolomé Bru Machado,bartolome.bru.machado@example.com,Masculino,PK,{'canal': ['WEB']},{'$date': '2023-12-02'}
Nilo Castell,nilo.castell@example.com,Masculino,US,"{'canal': ['TIENDA', 'WEB']}",{'$date': '2025-02-18'}
Simón Carmona Palomo,simon.carmona.palomo@example.com,Femenino,TZ,"{'canal': ['WEB', 'TIENDA']}",{'$date': '2023-11-26'}
Dominga Moles-Beltran,dominga.moles-beltran@example.com,Masculino,PY,{'canal': ['TIENDA']},{'$date': '2025-03-13'}
Montserrat Moll Mayo,montserrat.moll.mayo@example.com,Masculino,BJ,{'canal': ['TIENDA']},{'$date': '2025-04-05'}
Amílcar Romeu-Portillo,amilcar.romeu-portillo@example.com,Otro,AD,{'canal': ['TIENDA']},{'$date': '2025-01-13'}
Camilo Leon Girón,camilo.leon.giron@example.com,Femenino,TV,"{'canal': ['TIENDA', 'WEB']}",{'$date': '2023-12-28'}
Elisa Recio Valentín,elisa.recio.valentin@example.com,Otro,MG,"{'canal': ['TIENDA', 'WEB']}",{'$date': '2025-05-20'}
Carmela Cano Téllez,carmela.cano.tellez@example.com,Otro,MU,"{'canal': ['TIENDA', 'WEB']}",{'$date': '2024-05-07'}
Ismael Bonilla-Jurado,ismael.bonilla-jurado@example.com,Masculino,BO,"{'canal': ['WEB', 'TIENDA']}",{'$date': '2024-01-26'}
Miguel Cueto Rincón,miguel.cueto.rincon@example.com,Otro,SM,{'canal': ['WEB']},{'$date': '2023-12-24'}
Marino Urrutia Raya,marino.urrutia.raya@example.com,Masculino,PL,{'canal': ['TIENDA']},{'$date': '2025-05-05'}
Gala Victoria Gárate Sainz,gala.victoria.garate.sainz@example.com,Femenino,SR,"{'canal': ['WEB', 'TIENDA']}",{'$date': '2025-03-26'}
Florinda Campoy-Font,florinda.campoy-font@example.com,Otro,AU,"{'canal': ['WEB', 'TIENDA']}",{'$date': '2024-05-12'}
Teo Barrios-Prat,teo.barrios-prat@example.com,Masculino,TH,{'canal': ['TIENDA']},{'$date': '2024-02-07'}
Loida Escobar Cantón,loida.escobar.canton@example.com,Femenino,NL,"{'canal': ['TIENDA', 'WEB']}",{'$date': '2024-06-03'}
Natalio Gárate Llobet,natalio.garate.llobet@example.com,Otro,ST,{'canal': ['WEB']},{'$date': '2024-05-17'}
Fabricio Bejarano-Cal,fabricio.bejarano-cal@example.com,Masculino,CV,"{'canal': ['TIENDA', 'WEB']}",{'$date': '2025-05-20'}
Noemí Arnaiz Mascaró,noemi.arnaiz.mascaro@example.com,Femenino,BJ,{'canal': ['WEB']},{'$date': '2024-06-24'}
Óscar Giner Cerdán,oscar.giner.cerdan@example.com,Masculino,HU,"{'canal': ['TIENDA', 'WEB']}",{'$date': '2025-06-28'}
Santos Ródenas Vidal,santos.rodenas.vidal@example.com,Otro,IQ,{'canal': ['WEB']},{'$date': '2025-04-01'}
Reyes Luján Rebollo,reyes.lujan.rebollo@example.com,Otro,CA,"{'canal': ['WEB', 'TIENDA']}",{'$date': '2025-10-26'}
Elpidio Torrent Milla,elpidio.torrent.milla@example.com,Femenino,AR,{'canal': ['WEB']},{'$date': '2025-10-19'}
Joan Ferrándiz Borja,joan.ferrandiz.borja@example.com,Masculino,UZ,{'canal': ['TIENDA']},{'$date': '2023-11-28'}
Dani Solano Rocha,dani.solano.rocha@example.com,Femenino,CL,{'canal': ['WEB']},{'$date': '2024-03-12'}
Samu Gomis Morales,samu.gomis.morales@example.com,Femenino,MN,"{'canal': ['WEB', 'TIENDA']}",{'$date': '2024-02-13'}
Gema Palomar Tejada,gema.palomar.tejada@example.com,Masculino,PS,"{'canal': ['TIENDA', 'WEB']}",{'$date': '2025-04-27'}
Odalis Cabo Torrent,odalis.cabo.torrent@example.com,Masculino,FJ,{'canal': ['WEB']},{'$date': '2024-12-12'}
Onofre Ricart-Baquero,onofre.ricart-baquero@example.com,Masculino,BO,"{'canal': ['TIENDA', 'WEB']}",{'$date': '2025-08-25'}
Daniel Vaquero Sureda,daniel.vaquero.sureda@example.com,Otro,GD,"{'canal': ['TIENDA', 'WEB']}",{'$date': '2025-07-14'}
Emperatriz Carrasco Andrés,emperatriz.carrasco.andres@example.com,Otro,TR,"{'canal': ['TIENDA', 'WEB']}",{'$date': '2024-11-08'}
Áurea Vila Domínguez,aurea.vila.dominguez@example.com,Masculino,TG,{'canal': ['WEB']},{'$date': '2024-08-30'}
Jesusa Romeu Juan,jesusa.romeu.juan@example.com,Otro,CR,{'canal': ['TIENDA']},{'$date': '2025-06-22'}
Jose Antonio Ortuño Fabregat,jose.antonio.ortuno.fabregat@example.com,Otro,EG,"{'canal': ['TIENDA', 'WEB']}",{'$date': '2025-02-07'}
Ambrosio Toro Cuadrado,ambrosio.toro.cuadrado@example.com,Masculino,MM,"{'canal': ['TIENDA', 'WEB']}",{'$date': '2025-05-16'}
Fausto Laguna Arribas,fausto.laguna.arribas@example.com,Femenino,QA,"{'canal': ['WEB', 'TIENDA']}",{'$date': '2023-11-26'}
Armida Recio Leiva,armida.recio.leiva@example.com,Masculino,AR,"{'canal': ['TIENDA', 'WEB']}",{'$date': '2023-12-29'}
Rosendo Pavón-Barranco,rosendo.pavon-barranco@example.com,Femenino,BD,{'canal': ['TIENDA']},{'$date': '2025-07-12'}
Porfirio Julio Aparicio Amores,porfirio.julio.aparicio.amores@example.com,Masculino,ER,{'canal': ['WEB']},{'$date': '2025-06-12'}
Celestino Batalla Pedro,celestino.batalla.pedro@example.com,Otro,CO,{'canal': ['WEB']},{'$date': '2025-08-05'}
Duilio Corbacho Urrutia,duilio.corbacho.urrutia@example.com,Femenino,ZA,"{'canal': ['WEB', 'TIENDA']}",{'$date': '2025-03-31'}
Trinidad del Ferrando,trinidad.del.ferrando@example.com,Masculino,SL,"{'canal': ['WEB', 'TIENDA']}",{'$date': '2024-03-27'}
Florencio Rios Pinedo,florencio.rios.pinedo@example.com,Otro,BY,"{'canal': ['TIENDA', 'WEB']}",{'$date': '2025-10-18'}
Marcos Rosell-Verdú,marcos.rosell-verdu@example.com,Femenino,IE,"{'canal': ['TIENDA', 'WEB']}",{'$date': '2024-05-15'}
Obdulia Ferrero Ochoa,obdulia.ferrero.ochoa@example.com,Masculino,LK,"{'canal': ['TIENDA', 'WEB']}",{'$date': '2025-05-08'}
Eliseo Taboada Bayona,eliseo.taboada.bayona@example.com,Femenino,WS,"{'canal': ['TIENDA', 'WEB']}",{'$date': '2025-02-19'}
Tatiana Campo Cuervo,tatiana.campo.cuervo@example.com,Masculino,LY,{'canal': ['TIENDA']},{'$date': '2024-03-09'}
Alicia Vergara Martínez,alicia.vergara.martinez@example.com,Femenino,SI,"{'canal': ['TIENDA', 'WEB']}",{'$date': '2024-09-02'}
Feliciana Anaya Castañeda,feliciana.anaya.castaneda@example.com,Femenino,KW,{'canal': ['WEB']},{'$date': '2024-02-10'}
Luciano Acedo Uriarte,luciano.acedo.uriarte@example.com,Masculino,IL,"{'canal': ['WEB', 'TIENDA']}",{'$date': '2024-10-20'}
Paco Trillo Uría,paco.trillo.uria@example.com,Femenino,CV,"{'canal': ['TIENDA', 'WEB']}",{'$date': '2025-03-09'}
Máxima Barón Campillo,maxima.baron.campillo@example.com,Otro,CY,"{'canal': ['WEB', 'TIENDA']}",{'$date': '2024-05-28'}
Chus Caro Palomar,chus.caro.palomar@example.com,Femenino,PH,"{'canal': ['TIENDA', 'WEB']}",{'$date': '2025-01-27'}
Gloria Cobo,gloria.cobo@example.com,Femenino,SZ,"{'canal': ['TIENDA', 'WEB']}",{'$date': '2025-05-02'}
David Mata Madrigal,david.mata.madrigal@example.com,Otro,LK,{'canal': ['WEB']},{'$date': '2025-10-28'}
Renata del Ferreras,renata.del.ferreras@example.com,Masculino,AD,"{'canal': ['WEB', 'TIENDA']}",{'$date': '2025-01-07'}
Victor Manuel Villegas Arenas,victor.manuel.villegas.arenas@example.com,Masculino,LS,"{'canal': ['WEB', 'TIENDA']}",{'$date': '2025-08-19'}
Sergio Amador,sergio.amador@example.com,Masculino,SV,"{'canal': ['WEB', 'TIENDA']}",{'$date': '2025-07-13'}
Magdalena del Quintana,magdalena.del.quintana@example.com,Femenino,MK,"{'canal': ['TIENDA', 'WEB']}",{'$date': '2025-06-26'}
Yaiza Delfina Galan Ponce,yaiza.delfina.galan.ponce@example.com,Masculino,GN,"{'canal': ['WEB', 'TIENDA']}",{'$date': '2025-09-14'}
Nazaret Capdevila Rosales,nazaret.capdevila.rosales@example.com,Masculino,GN,{'canal': ['WEB']},{'$date': '2025-09-09'}
Andrea Perelló Zabala,andrea.perello.zabala@example.com,Femenino,JO,{'canal': ['WEB']},{'$date': '2025-06-19'}
Adrián Morillo Barriga,adrian.morillo.barriga@example.com,Femenino,CU,"{'canal': ['TIENDA', 'WEB']}",{'$date': '2024-10-05'}
Pastora Enríquez Vargas,pastora.enriquez.vargas@example.com,Femenino,NR,{'canal': ['WEB']},{'$date': '2025-05-06'}
Fanny Portillo Orozco,fanny.portillo.orozco@example.com,Otro,LU,{'canal': ['TIENDA']},{'$date': '2025-02-24'}
Jerónimo Isern Cabanillas,jeronimo.isern.cabanillas@example.com,Masculino,CU,"{'canal': ['WEB', 'TIENDA']}",{'$date': '2024-10-23'}
Filomena Azorin Leal,filomena.azorin.leal@example.com,Masculino,EC,"{'canal': ['WEB', 'TIENDA']}",{'$date': '2025-03-18'}
María Jesús Arregui Vilalta,maria.jesus.arregui.vilalta@example.com,Masculino,LR,"{'canal': ['TIENDA', 'WEB']}",{'$date': '2025-05-24'}
Aarón de Granados,aaron.de.granados@example.com,Masculino,BY,{'canal': ['WEB']},{'$date': '2023-11-23'}
Natividad del Perales,natividad.del.perales@example.com,Masculino,CH,"{'canal': ['WEB', 'TIENDA']}",{'$date': '2024-12-20'}
Nilo Rebollo Sedano,nilo.rebollo.sedano@example.com,Masculino,GT,{'canal': ['TIENDA']},{'$date': '2024-02-22'}
Consuelo Toro Olmo,consuelo.toro.olmo@example.com,Femenino,NE,"{'canal': ['TIENDA', 'WEB']}",{'$date': '2024-12-06'}
Arturo Criado Montesinos,arturo.criado.montesinos@example.com,Femenino,QA,"{'canal': ['TIENDA', 'WEB']}",{'$date': '2024-01-07'}
Águeda Lobato Monreal,agueda.lobato.monreal@example.com,Otro,ME,"{'canal': ['TIENDA', 'WEB']}",{'$date': '2025-01-03'}
Rebeca Ayuso-Hierro,rebeca.ayuso-hierro@example.com,Femenino,AE,{'canal': ['TIENDA']},{'$date': '2024-06-22'}
Pastora Solera Vall,pastora.solera.vall@example.com,Masculino,TO,"{'canal': ['WEB', 'TIENDA']}",{'$date': '2025-08-26'}
Primitivo Morata Garay,primitivo.morata.garay@example.com,Masculino,RW,{'canal': ['WEB']},{'$date': '2025-08-23'}
Marino Exposito Jara,marino.exposito.jara@example.com,Femenino,UG,"{'canal': ['WEB', 'TIENDA']}",{'$date': '2024-11-02'}
Ciriaco Llanos-Luján,ciriaco.llanos-lujan@example.com,Masculino,MG,{'canal': ['WEB']},{'$date': '2024-05-20'}
Luz Sebastián-Boada,luz.sebastian-boada@example.com,Otro,IR,"{'canal': ['WEB', 'TIENDA']}",{'$date': '2024-04-23'}
Eliana Arroyo Lobo,eliana.arroyo.lobo@example.com,Masculino,DZ,"{'canal': ['TIENDA', 'WEB']}",{'$date': '2025-01-24'}
Segismundo Mulet Reig,segismundo.mulet.reig@example.com,Otro,KP,{'canal': ['TIENDA']},{'$date': '2024-01-31'}
Vanesa Arranz-Antón,vanesa.arranz-anton@example.com,Otro,SB,"{'canal': ['TIENDA', 'WEB']}",{'$date': '2025-08-03'}
Elodia Díez Uribe,elodia.diez.uribe@example.com,Masculino,CY,{'canal': ['TIENDA']},{'$date': '2025-02-04'}
Chus Alma Poza Palomar,chus.alma.poza.palomar@example.com,Otro,MT,"{'canal': ['TIENDA', 'WEB']}",{'$date': '2025-01-17'}
Clemente Alejo Vilanova Hierro,clemente.alejo.vilanova.hierro@example.com,Otro,LI,{'canal': ['TIENDA']},{'$date': '2025-01-15'}
Sigfrido Mascaró Pomares,sigfrido.mascaro.pomares@example.com,Femenino,MN,{'canal': ['TIENDA']},{'$date': '2024-02-19'}
Roque Rivera Losada,roque.rivera.losada@example.com,Femenino,LV,{'canal': ['TIENDA']},{'$date': '2024-04-13'}
Rufino Teruel,rufino.teruel@example.com,Femenino,EE,"{'canal': ['WEB', 'TIENDA']}",{'$date': '2025-02-17'}
Atilio Viña-Ayllón,atilio.vina-ayllon@example.com,Masculino,CG,{'canal': ['TIENDA']},{'$date': '2025-05-21'}
Raúl Llamas Berenguer,raul.llamas.berenguer@example.com,Masculino,VE,{'canal': ['WEB']},{'$date': '2025-04-15'}
Hernando Velázquez Ibañez,hernando.velazquez.ibanez@example.com,Femenino,HU,"{'canal': ['WEB', 'TIENDA']}",{'$date': '2023-12-16'}
Adelina Carmona Buendía,adelina.carmona.buendia@example.com,Masculino,AR,{'canal': ['TIENDA']},{'$date': '2024-07-10'}
Iris de Andrés,iris.de.andres@example.com,Masculino,CD,"{'canal': ['TIENDA', 'WEB']}",{'$date': '2023-12-15'}
Hipólito Blanes Poza,hipolito.blanes.poza@example.com,Otro,IS,"{'canal': ['WEB', 'TIENDA']}",{'$date': '2024-04-11'}
Rosalina Páez Anguita,rosalina.paez.anguita@example.com,Femenino,GE,{'canal': ['TIENDA']},{'$date': '2024-06-04'}
Camilo Melero Bustamante,camilo.melero.bustamante@example.com,Otro,SO,{'canal': ['TIENDA']},{'$date': '2025-08-07'}
Berta Maza Crespi,berta.maza.crespi@example.com,Femenino,SR,"{'canal': ['WEB', 'TIENDA']}",{'$date': '2024-10-25'}
María Fernanda Báez-Heras,maria.fernanda.baez-heras@example.com,Masculino,RU,{'canal': ['TIENDA']},{'$date': '2025-09-02'}
Edgardo Ramirez Bárcena,edgardo.ramirez.barcena@example.com,Femenino,BR,"{'canal': ['TIENDA', 'WEB']}",{'$date': '2025-04-04'}
Lara Castell-Madrigal,lara.castell-madrigal@example.com,Otro,PH,{'canal': ['TIENDA']},{'$date': '2025-10-05'}
Ligia Narváez,ligia.narvaez@example.com,Femenino,CZ,{'canal': ['TIENDA']},{'$date': '2025-02-05'}
Luna Navarrete Bonet,luna.navarrete.bonet@example.com,Femenino,PA,{'canal': ['WEB']},{'$date': '2025-08-24'}
Tania Marquez-Ballester,tania.marquez-ballester@example.com,Masculino,TG,{'canal': ['TIENDA']},{'$date': '2025-04-01'}
Elisabet Almazán-Bermejo,elisabet.almazan-bermejo@example.com,Otro,BG,"{'canal': ['TIENDA', 'WEB']}",{'$date': '2024-01-29'}
Fito Bonet Palmer,fito.bonet.palmer@example.com,Masculino,TT,"{'canal': ['TIENDA', 'WEB']}",{'$date': '2024-10-02'}
Noé Andres Manjón,noe.andres.manjon@example.com,Masculino,CO,{'canal': ['TIENDA']},{'$date': '2025-05-10'}
Rafa Uría Mur,rafa.uria.mur@example.com,Masculino,GA,"{'canal': ['TIENDA', 'WEB']}",{'$date': '2024-12-30'}
Eustaquio Iriarte Juárez,eustaquio.iriarte.juarez@example.com,Masculino,FR,{'canal': ['TIENDA']},{'$date': '2024-08-21'}
Águeda Aller Carbajo,agueda.aller.carbajo@example.com,Masculino,MD,{'canal': ['TIENDA']},{'$date': '2024-01-24'}
Jacinto Sans Carrasco,jacinto.sans.carrasco@example.com,Otro,TM,"{'canal': ['WEB', 'TIENDA']}",{'$date': '2025-03-15'}
Alejandra Nevado Ibañez,alejandra.nevado.ibanez@example.com,Masculino,TR,{'canal': ['WEB']},{'$date': '2024-02-10'}
Lupe de Elorza,lupe.de.elorza@example.com,Femenino,BZ,{'canal': ['TIENDA']},{'$date': '2025-02-16'}
Chema Tello Morante,chema.tello.morante@example.com,Otro,CN,{'canal': ['WEB']},{'$date': '2024-12-16'}
Pelayo Robledo-Cardona,pelayo.robledo-cardona@example.com,Masculino,CO,"{'canal': ['TIENDA', 'WEB']}",{'$date': '2024-05-07'}
Cesar Aroca Borja,cesar.aroca.borja@example.com,Masculino,SZ,{'canal': ['TIENDA']},{'$date': '2025-11-01'}
Jimena Angulo Julián,jimena.angulo.julian@example.com,Otro,ST,"{'canal': ['WEB', 'TIENDA']}",{'$date': '2025-11-09'}
Lidia Canals Plana,lidia.canals.plana@example.com,Otro,LT,{'canal': ['TIENDA']},{'$date': '2025-10-21'}
Leocadia Pera Mas,leocadia.pera.mas@example.com,Masculino,TJ,{'canal': ['WEB']},{'$date': '2025-09-24'}
Jordi Lino Pedro Mayo,jordi.lino.pedro.mayo@example.com,Otro,MW,{'canal': ['TIENDA']},{'$date': '2024-09-30'}
Cristian Ayuso Rosell,cristian.ayuso.rosell@example.com,Femenino,DJ,"{'canal': ['WEB', 'TIENDA']}",{'$date': '2025-09-03'}
Herminia Calleja Luján,herminia.calleja.lujan@example.com,Femenino,TG,"{'canal': ['WEB', 'TIENDA']}",{'$date': '2025-01-01'}
Julie Gual Alberdi,julie.gual.alberdi@example.com,Femenino,UY,{'canal': ['WEB']},{'$date': '2025-07-18'}
Zoraida Angulo,zoraida.angulo@example.com,Femenino,KH,{'canal': ['WEB']},{'$date': '2025-11-21'}
Máximo Ibáñez Almazán,maximo.ibanez.almazan@example.com,Masculino,US,"{'canal': ['WEB', 'TIENDA']}",{'$date': '2025-06-05'}
Emiliano Bravo Alcolea,emiliano.bravo.alcolea@example.com,Femenino,PT,"{'canal': ['TIENDA', 'WEB']}",{'$date': '2024-05-19'}
Carlito Mate-Solano,carlito.mate-solano@example.com,Femenino,IR,"{'canal': ['TIENDA', 'WEB']}",{'$date': '2025-09-30'}
Charo Andres Busquets,charo.andres.busquets@example.com,Otro,TH,"{'canal': ['TIENDA', 'WEB']}",{'$date': '2025-08-17'}
Delfina Vila,delfina.vila@example.com,Masculino,PS,{'canal': ['WEB']},{'$date': '2023-12-18'}
Dionisia Amores,dionisia.amores@example.com,Otro,SM,{'canal': ['WEB']},{'$date': '2025-07-16'}
Pili Estela Arana Badía,pili.estela.arana.badia@example.com,Otro,DO,{'canal': ['WEB']},{'$date': '2024-07-19'}
Baldomero Vidal Manzano,baldomero.vidal.manzano@example.com,Masculino,LT,"{'canal': ['WEB', 'TIENDA']}",{'$date': '2025-03-08'}
Felisa Blanco,felisa.blanco@example.com,Masculino,AO,{'canal': ['TIENDA']},{'$date': '2025-04-17'}
Hilda Llorente-Roura,hilda.llorente-roura@example.com,Masculino,AL,"{'canal': ['WEB', 'TIENDA']}",{'$date': '2024-06-23'}
Abilio Mesa Grande,abilio.mesa.grande@example.com,Masculino,BN,"{'canal': ['TIENDA', 'WEB']}",{'$date': '2024-04-30'}
Marisa Roselló,marisa.rosello@example.com,Otro,BD,{'canal': ['TIENDA']},{'$date': '2024-10-18'}
Consuela Jordá Pinilla,consuela.jorda.pinilla@example.com,Otro,EE,{'canal': ['TIENDA']},{'$date': '2023-12-14'}
Kike Arce Morell,kike.arce.morell@example.com,Femenino,MC,{'canal': ['WEB']},{'$date': '2024-09-26'}
Abril Seco,abril.seco@example.com,Masculino,PL,{'canal': ['WEB']},{'$date': '2023-12-23'}
Teodoro Cid Garzón,teodoro.cid.garzon@example.com,Otro,TO,"{'canal': ['TIENDA', 'WEB']}",{'$date': '2024-12-28'}
Segismundo Juan Clavero Crespo,segismundo.juan.clavero.crespo@example.com,Femenino,PL,{'canal': ['TIENDA']},{'$date': '2025-10-14'}
Merche Mármol Gómez,merche.marmol.gomez@example.com,Femenino,IE,"{'canal': ['TIENDA', 'WEB']}",{'$date': '2025-09-05'}
Abel Osorio Baquero,abel.osorio.baquero@example.com,Otro,LY,{'canal': ['WEB']},{'$date': '2025-06-10'}
Diana de Portero,diana.de.portero@example.com,Otro,BN,{'canal': ['WEB']},{'$date': '2024-09-21'}
Belén Raya Vaquero,belen.raya.vaquero@example.com,Masculino,PL,{'canal': ['TIENDA']},{'$date': '2025-10-30'}
Paulina Pablo Goñi,paulina.pablo.goni@example.com,Masculino,UA,"{'canal': ['TIENDA', 'WEB']}",{'$date': '2025-09-22'}
Mohamed Rosales Franch,mohamed.rosales.franch@example.com,Otro,GM,"{'canal': ['WEB', 'TIENDA']}",{'$date': '2025-06-19'}
Sarita Abril Carpio,sarita.abril.carpio@example.com,Masculino,BZ,"{'canal': ['WEB', 'TIENDA']}",{'$date': '2024-10-11'}
Cristóbal Nuñez Zamora,cristobal.nunez.zamora@example.com,Masculino,BJ,"{'canal': ['TIENDA', 'WEB']}",{'$date': '2024-09-08'}
Fabián de Santos,fabian.de.santos@example.com,Otro,AU,{'canal': ['TIENDA']},{'$date': '2025-10-10'}
Elisabet Tena Casanovas,elisabet.tena.casanovas@example.com,Otro,MD,"{'canal': ['TIENDA', 'WEB']}",{'$date': '2025-08-27'}
Sebastian Guerrero Marcos,sebastian.guerrero.marcos@example.com,Femenino,NG,"{'canal': ['TIENDA', 'WEB']}",{'$date': '2025-06-03'}
Ágata Villalonga Castells,agata.villalonga.castells@example.com,Otro,BB,"{'canal': ['TIENDA', 'WEB']}",{'$date': '2025-10-16'}
Adoración de Llamas,adoracion.de.llamas@example.com,Femenino,CY,"{'canal': ['WEB', 'TIENDA']}",{'$date': '2025-06-12'}
Fátima Cuevas Sainz,fatima.cuevas.sainz@example.com,Otro,KH,"{'canal': ['WEB', 'TIENDA']}",{'$date': '2024-02-21'}
Rufina Terrón Llano,rufina.terron.llano@example.com,Masculino,SE,{'canal': ['TIENDA']},{'$date': '2025-10-17'}
Estela Morillo,estela.morillo@example.com,Masculino,BH,"{'canal': ['WEB', 'TIENDA']}",{'$date': '2024-07-25'}
Felipa Alarcón Llano,felipa.alarcon.llano@example.com,Masculino,PA,{'canal': ['TIENDA']},{'$date': '2023-12-13'}
Toni Escudero Arnaiz,toni.escudero.arnaiz@example.com,Masculino,VA,{'canal': ['WEB']},{'$date': '2025-09-20'}
Bruno Antúnez Roselló,bruno.antunez.rosello@example.com,Masculino,GY,"{'canal': ['WEB', 'TIENDA']}",{'$date': '2024-07-16'}
Gaspar Alarcón Montesinos,gaspar.alarcon.montesinos@example.com,Masculino,TO,{'canal': ['WEB']},{'$date': '2024-09-21'}
Damián Carrillo Cervera,damian.carrillo.cervera@example.com,Femenino,HT,{'canal': ['WEB']},{'$date': '2025-08-18'}
Silvio Gerónimo Solana Novoa,silvio.geronimo.solana.novoa@example.com,Otro,SK,"{'canal': ['WEB', 'TIENDA']}",{'$date': '2024-01-16'}
Gustavo Pedrosa Cantón,gustavo.pedrosa.canton@example.com,Masculino,EE,{'canal': ['TIENDA']},{'$date': '2025-02-18'}
Gema Camacho Giner,gema.camacho.giner@example.com,Femenino,PA,{'canal': ['WEB']},{'$date': '2024-10-12'}
Ernesto Belmonte-Blanco,ernesto.belmonte-blanco@example.com,Femenino,KI,{'canal': ['TIENDA']},{'$date': '2025-09-30'}
Nicolás Valentín Paredes,nicolas.valentin.paredes@example.com,Otro,BH,"{'canal': ['WEB', 'TIENDA']}",{'$date': '2024-05-18'}
Fulgencio Llopis Morillo,fulgencio.llopis.morillo@example.com,Femenino,BS,{'canal': ['WEB']},{'$date': '2024-05-25'}
Magdalena Gimeno Teruel,magdalena.gimeno.teruel@example.com,Masculino,TN,{'canal': ['TIENDA']},{'$date': '2023-12-23'}
Miguel Ángel del Marcos,miguel.angel.del.marcos@example.com,Masculino,HR,{'canal': ['TIENDA']},{'$date': '2025-01-11'}
Jose Manuel Díez Mena,jose.manuel.diez.mena@example.com,Otro,RO,{'canal': ['WEB']},{'$date': '2024-02-10'}
Anastasia Ferrero Leal,anastasia.ferrero.leal@example.com,Masculino,BN,{'canal': ['WEB']},{'$date': '2025-05-12'}
Cintia Catalán Parejo,cintia.catalan.parejo@example.com,Masculino,SY,{'canal': ['WEB']},{'$date': '2024-05-08'}
Pacífica Guitart Mascaró,pacifica.guitart.mascaro@example.com,Femenino,SV,"{'canal': ['WEB', 'TIENDA']}",{'$date': '2025-07-29'}
Baldomero Viana Roldan,baldomero.viana.roldan@example.com,Femenino,ST,{'canal': ['TIENDA']},{'$date': '2024-04-17'}
César del Marí,cesar.del.mari@example.com,Otro,MV,"{'canal': ['WEB', 'TIENDA']}",{'$date': '2024-05-01'}
Noemí Pascuala Pereira Dalmau,noemi.pascuala.pereira.dalmau@example.com,Otro,PG,"{'canal': ['TIENDA', 'WEB']}",{'$date': '2025-04-30'}
Clemente Garrido Sanz,clemente.garrido.sanz@example.com,Masculino,NE,{'canal': ['WEB']},{'$date': '2024-09-18'}
Iván Pombo Molina,ivan.pombo.molina@example.com,Masculino,SN,"{'canal': ['WEB', 'TIENDA']}",{'$date': '2024-01-04'}
Jaime del Lago,jaime.del.lago@example.com,Otro,CO,"{'canal': ['WEB', 'TIENDA']}",{'$date': '2024-03-22'}
Carmela Luís Téllez,carmela.luis.tellez@example.com,Masculino,MH,"{'canal': ['TIENDA', 'WEB']}",{'$date': '2025-07-29'}
Román Caparrós Paz,roman.caparros.paz@example.com,Masculino,MT,"{'canal': ['TIENDA', 'WEB']}",{'$date': '2024-02-08'}
Luisina Macias Marín,luisina.macias.marin@example.com,Masculino,LK,"{'canal': ['TIENDA', 'WEB']}",{'$date': '2025-08-26'}
Ismael Leonel Nuñez Tena,ismael.leonel.nunez.tena@example.com,Masculino,LU,{'canal': ['WEB']},{'$date': '2024-12-30'}
Noé Ríos Villar,noe.rios.villar@example.com,Femenino,SA,"{'canal': ['TIENDA', 'WEB']}",{'$date': '2024-11-16'}
Adoración Gras Verdejo,adoracion.gras.verdejo@example.com,Otro,AF,{'canal': ['WEB']},{'$date': '2025-01-11'}
Jenny Arévalo-Herrera,jenny.arevalo-herrera@example.com,Masculino,KR,{'canal': ['TIENDA']},{'$date': '2025-02-17'}
Julieta Palacio-Mariscal,julieta.palacio-mariscal@example.com,Femenino,MW,"{'canal': ['WEB', 'TIENDA']}",{'$date': '2023-12-02'}
Omar Gastón Ribera Quintana,omar.gaston.ribera.quintana@example.com,Otro,ST,{'canal': ['WEB']},{'$date': '2025-10-21'}
Nuria Torres-Orozco,nuria.torres-orozco@example.com,Masculino,CA,"{'canal': ['WEB', 'TIENDA']}",{'$date': '2024-10-11'}
Enrique Tena-Valdés,enrique.tena-valdes@example.com,Masculino,GT,{'canal': ['WEB']},{'$date': '2024-12-25'}
Lucho Ramos,lucho.ramos@example.com,Masculino,NP,"{'canal': ['WEB', 'TIENDA']}",{'$date': '2024-08-27'}
Ale Sancho Cózar,ale.sancho.cozar@example.com,Otro,TN,{'canal': ['WEB']},{'$date': '2025-03-11'}
Constanza Arce Sáez,constanza.arce.saez@example.com,Otro,PA,"{'canal': ['WEB', 'TIENDA']}",{'$date': '2024-03-03'}
Basilio de Cuesta,basilio.de.cuesta@example.com,Femenino,BY,"{'canal': ['WEB', 'TIENDA']}",{'$date': '2025-08-17'}
Ibán del Narváez,iban.del.narvaez@example.com,Otro,UZ,{'canal': ['TIENDA']},{'$date': '2024-08-12'}
Cosme Duque,cosme.duque@example.com,Masculino,SI,"{'canal': ['WEB', 'TIENDA']}",{'$date': '2025-03-19'}
Rafael Sáez,rafael.saez@example.com,Masculino,KG,{'canal': ['WEB']},{'$date': '2024-07-18'}
Rafaela Perales Rodríguez,rafaela.perales.rodriguez@example.com,Femenino,KR,{'canal': ['TIENDA']},{'$date': '2024-12-04'}
Julián Morera Otero,julian.morera.otero@example.com,Masculino,AM,{'canal': ['WEB']},{'$date': '2024-05-09'}
Maura del Girona,maura.del.girona@example.com,Femenino,ST,"{'canal': ['WEB', 'TIENDA']}",{'$date': '2024-11-19'}
Angelita del Infante,angelita.del.infante@example.com,Otro,LR,"{'canal': ['TIENDA', 'WEB']}",{'$date': '2024-06-28'}
Nerea de Montenegro,nerea.de.montenegro@example.com,Masculino,LI,{'canal': ['WEB']},{'$date': '2024-08-27'}
Renato de España,renato.de.espana@example.com,Femenino,NE,{'canal': ['WEB']},{'$date': '2024-06-11'}
Aroa Cámara Campo,aroa.camara.campo@example.com,Otro,PY,{'canal': ['WEB']},{'$date': '2025-02-24'}
Melania Fuente,melania.fuente@example.com,Otro,CA,"{'canal': ['TIENDA', 'WEB']}",{'$date': '2024-12-11'}
Encarnita Leandra Álvaro Mateu,encarnita.leandra.alvaro.mateu@example.com,Otro,CI,"{'canal': ['WEB', 'TIENDA']}",{'$date': '2024-06-09'}
Alex Aroca-Portillo,alex.aroca-portillo@example.com,Masculino,GD,{'canal': ['WEB']},{'$date': '2024-09-21'}
Agustín Segura Solana,agustin.segura.solana@example.com,Otro,AL,"{'canal': ['WEB', 'TIENDA']}",{'$date': '2025-06-13'}
Fernando Soler Viana,fernando.soler.viana@example.com,Otro,JM,{'canal': ['WEB']},{'$date': '2025-11-08'}
Áurea Carro Becerra,aurea.carro.becerra@example.com,Femenino,FR,"{'canal': ['WEB', 'TIENDA']}",{'$date': '2025-06-06'}
Ester Bolaños,ester.bolanos@example.com,Masculino,LK,{'canal': ['TIENDA']},{'$date': '2025-10-19'}
Balduino Heredia Duarte,balduino.heredia.duarte@example.com,Otro,AR,"{'canal': ['WEB', 'TIENDA']}",{'$date': '2025-02-04'}
Sabas Benítez-Ferrándiz,sabas.benitez-ferrandiz@example.com,Otro,LV,{'canal': ['WEB']},{'$date': '2025-09-18'}
Sabas Bayona Montaña,sabas.bayona.montana@example.com,Femenino,WS,{'canal': ['WEB']},{'$date': '2024-10-22'}
Régulo Soto Gallart,regulo.soto.gallart@example.com,Otro,CR,"{'canal': ['WEB', 'TIENDA']}",{'$date': '2024-04-23'}
Benigno Inocencio Recio Estevez,benigno.inocencio.recio.estevez@example.com,Otro,GQ,{'canal': ['WEB']},{'$date': '2024-10-21'}
Morena Esteve Gallo,morena.esteve.gallo@example.com,Masculino,KE,"{'canal': ['WEB', 'TIENDA']}",{'$date': '2024-01-04'}
Jacinto Osorio Alcalde,jacinto.osorio.alcalde@example.com,Masculino,LI,"{'canal': ['WEB', 'TIENDA']}",{'$date': '2025-05-05'}
Eleuterio Santana Echeverría,eleuterio.santana.echeverria@example.com,Femenino,LS,{'canal': ['WEB']},{'$date': '2025-04-12'}
Carmina Benet-Chaves,carmina.benet-chaves@example.com,Femenino,RS,"{'canal': ['WEB', 'TIENDA']}",{'$date': '2025-03-19'}
Eutropio Bauzà-Vergara,eutropio.bauza-vergara@example.com,Femenino,SA,"{'canal': ['TIENDA', 'WEB']}",{'$date': '2025-06-03'}
Renata Fernanda Torrecilla Palacios,renata.fernanda.torrecilla.palacios@example.com,Masculino,FJ,"{'canal': ['WEB', 'TIENDA']}",{'$date': '2023-12-11'}
Jerónimo Exposito Coello,jeronimo.exposito.coello@example.com,Otro,AU,{'canal': ['TIENDA']},{'$date': '2024-03-01'}
Juan Carlos Almeida Perez,juan.carlos.almeida.perez@example.com,Masculino,YE,"{'canal': ['WEB', 'TIENDA']}",{'$date': '2025-01-28'}
Heliodoro Guitart Torralba,heliodoro.guitart.torralba@example.com,Masculino,MW,{'canal': ['WEB']},{'$date': '2024-03-29'}
Amanda Peña Ropero,amanda.pena.ropero@example.com,Masculino,VE,"{'canal': ['TIENDA', 'WEB']}",{'$date': '2023-11-30'}
René Lumbreras Torrents,rene.lumbreras.torrents@example.com,Otro,CD,{'canal': ['TIENDA']},{'$date': '2024-09-17'}
Mario Redondo Espejo,mario.redondo.espejo@example.com,Femenino,YE,"{'canal': ['WEB', 'TIENDA']}",{'$date': '2024-05-01'}
Darío Vicente-Corbacho,dario.vicente-corbacho@example.com,Masculino,AD,{'canal': ['TIENDA']},{'$date': '2024-06-22'}
Dani Gracia Rojas,dani.gracia.rojas@example.com,Masculino,HT,{'canal': ['TIENDA']},{'$date': '2024-07-16'}
Calixto Frías Botella,calixto.frias.botella@example.com,Masculino,TT,{'canal': ['TIENDA']},{'$date': '2025-04-16'}
Perlita Aránzazu Román Lorenzo,perlita.aranzazu.roman.lorenzo@example.com,Masculino,SC,"{'canal': ['WEB', 'TIENDA']}",{'$date': '2024-04-25'}
Herminio de Poza,herminio.de.poza@example.com,Otro,FJ,"{'canal': ['WEB', 'TIENDA']}",{'$date': '2024-08-15'}
Gema de Duran,gema.de.duran@example.com,Otro,CN,{'canal': ['TIENDA']},{'$date': '2025-05-15'}
Fabio Olegario Lluch Lluch,fabio.olegario.lluch.lluch@example.com,Masculino,CY,"{'canal': ['WEB', 'TIENDA']}",{'$date': '2024-05-12'}
Ariel Sanmiguel-Planas,ariel.sanmiguel-planas@example.com,Femenino,VA,{'canal': ['WEB']},{'$date': '2024-06-22'}
Amaya Plaza Escudero,amaya.plaza.escudero@example.com,Masculino,ES,"{'canal': ['TIENDA', 'WEB']}",{'$date': '2025-02-12'}
Albert Cabrero,albert.cabrero@example.com,Otro,KI,{'canal': ['TIENDA']},{'$date': '2023-11-28'}
Amor Haro,amor.haro@example.com,Masculino,VA,"{'canal': ['WEB', 'TIENDA']}",{'$date': '2024-01-31'}
Dimas Cipriano Agustín Mercader,dimas.cipriano.agustin.mercader@example.com,Otro,LT,{'canal': ['TIENDA']},{'$date': '2023-11-29'}
Ibán de Fiol,iban.de.fiol@example.com,Otro,FI,"{'canal': ['WEB', 'TIENDA']}",{'$date': '2025-04-14'}
Azucena del Corral,azucena.del.corral@example.com,Femenino,KR,{'canal': ['WEB']},{'$date': '2024-02-23'}
Felisa Cazorla Seco,felisa.cazorla.seco@example.com,Otro,SD,"{'canal': ['TIENDA', 'WEB']}",{'$date': '2025-05-03'}
Isidro Corominas Franch,isidro.corominas.franch@example.com,Femenino,NZ,{'canal': ['TIENDA']},{'$date': '2025-07-04'}
Genoveva Jiménez Martinez,genoveva.jimenez.martinez@example.com,Masculino,IS,"{'canal': ['WEB', 'TIENDA']}",{'$date': '2024-08-06'}
Fortunato Costa Cervantes,fortunato.costa.cervantes@example.com,Femenino,SC,{'canal': ['WEB']},{'$date': '2024-08-23'}
Felisa Caballero,felisa.caballero@example.com,Femenino,ST,{'canal': ['WEB']},{'$date': '2023-12-04'}
Ángel de Rubio,angel.de.rubio@example.com,Femenino,CF,"{'canal': ['TIENDA', 'WEB']}",{'$date': '2024-05-14'}
Duilio Macías Martin,duilio.macias.martin@example.com,Otro,NA,"{'canal': ['TIENDA', 'WEB']}",{'$date': '2023-12-15'}
Judith Dueñas Vallejo,judith.duenas.vallejo@example.com,Femenino,BT,{'canal': ['TIENDA']},{'$date': '2024-06-29'}
Alonso Ballesteros Higueras,alonso.ballesteros.higueras@example.com,Otro,SE,{'canal': ['WEB']},{'$date': '2025-08-28'}
Galo Crespo-Guitart,galo.crespo-guitart@example.com,Femenino,PT,{'canal': ['WEB']},{'$date': '2024-06-14'}
